INSERT INTO GROUPS_DISH(NAME)
VALUES ('Пицца'),
       ('Напитки'),
       ('Роллы');

INSERT INTO POINT(ADRESS, PHONE)
VALUES ('Станкевича 4', '8005553535'),
       ('Хользунова 50', '8005553535');

INSERT INTO TYPE_DELIVERY(NAME)
VALUES ('Самовывоз'),
       ('Пешим курьером'),
       ('Машиной'),
       ('Вертолётом'),
       ('Телепортация');

INSERT INTO DISH(NAME, PRICE, ID_GROUP)
VALUES ('Каппучино', 120, 2),
       ('Латте', 140, 2),
       ('Пицца с ананасами', 340, 1),
       ('Ролл филадельфия', 200, 3);

INSERT INTO "order"(PHONE_CLIENT, ID_TYPE, ID_POINT)
VALUES ('8005553535', 1, 1),
       ('8005553535', 2, 1),
       ('8005553535', 3, 1),
       ('8005553535', 4, 1),
       ('8005553535', 5, 1),
       ('8005553535', 1, 2),
       ('8005553535', 2, 2),
       ('8005553535', 3, 2),
       ('8005553535', 4, 2),
       ('8005553535', 5, 2);

INSERT INTO ORDER_DISH(ID_ORDER, ID_DISH, COUNT)
VALUES (1, 1, 2),
       (2, 1, 1),
       (2, 2, 1),
       (3, 4, 4),
       (3, 1, 4),
       (4, 2, 3),
       (5, 3, 3),
       (5, 2, 3),
       (6, 3, 1),
       (7, 4, 1),
       (8, 2, 2),
       (8, 1, 2),
       (9, 4, 5),
       (9, 3, 2),
       (10, 1, 4),
       (10, 2, 4),
       (10, 3, 4),
       (10, 4, 4);

INSERT INTO FEEDBACK(ID_ORDER, MARK, COMMENT)
VALUES (1, 1, 'Плохо'),
       (2, 2, 'Долгая доставка'),
       (3, 3, 'Нормас'),
       (4, 4, 'Хорошечно'),
       (5, 5, 'Телепортировали прямо на кухню!'),
       (6, 1, 'Плохо'),
       (7, 2, 'Долгая доставка'),
       (8, 3, 'Нормас'),
       (9, 4, 'Хорошечно'),
       (10, 5, 'Телепортировали прямо на кухню!');
